Nome: a, Email: fl4sh.org@gmail.com, Idade: 33, Número: 245455454646, IP: 186.251.124.254, Grupo: Grupo 3, Motivo: ff, Status: Aprovado, Data: 2024-10-02T09:17:30.510Z
Nome: b, Email: fl4sh.org@gmail.com, Idade: 22, Número: 245455454646, IP: , Grupo: Grupo 3, Motivo: ff, Status: Aprovado, Data: 2024-10-02T09:18:02.671Z
Nome: f, Email: fl4sh.org@gmail.com, Idade: 66, Número: 245455454646, IP: 186.251.124.254, Grupo: Grupo 3, Motivo: f, Status: Aprovado, Data: 2024-10-02T09:33:20.212Z
Nome: f, Email: fl4sh.org@gmail.com, Idade: 885, Número: 245455454646, IP: 186.251.124.254, Grupo: Grupo 3, Motivo: ff, Status: Aprovado, Data: 2024-10-02T09:40:05.685Z
Nome: f, Email: fl4sh.org@gmail.com, Idade: 66, Número: 245455454646, IP: 186.251.124.254, Grupo: Grupo 3, Motivo: ff, Status: Aprovado, Data: 2024-10-02T20:53:28.162Z
Nome: cu, Email: fl4sh.org@gmail.com, Idade: 88, Número: 245455454646, IP: 186.251.124.254, Grupo: Grupo 3, Motivo: ff, Status: Reprovado, Data: 2024-10-02T20:59:01.731Z
Nome: novo, Email: fl4sh.org@gmail.com, Idade: 66, Número: 245455454646, IP: 186.251.124.254, Grupo: Grupo 3, Motivo: ff, Status: Reprovado, Data: 2024-10-02T21:01:32.426Z
Nome: ADM Teste, Email: admteste@gmail.com, Idade: 00, Número: 00, IP: 186.251.124.254, Grupo: Grupo 1, Motivo: ., Status: Reprovado, Data: 2024-10-02T21:17:01.336Z
Nome: f, Email: fl4sh.org@gmail.com, Idade: 55, Número: 0, IP: 186.251.124.254, Grupo: Grupo 2, Motivo: f, Status: Aprovado, Data: 2024-10-02T21:22:24.023Z
Nome: novo, Email: fl4sh.org@gmail.com, Idade: 66, Número: 245455454646, IP: 186.251.124.254, Grupo: Grupo 3, Motivo: f, Status: Aguarde, Data: 2024-10-02T22:07:14.351Z
